,Storm Name,Year,Dates Active,Storm Category,Max min wind,Min Pressures,Damage USD,Deaths
0,Able,1950,August 12 – 22,Category 3 hurricane,125 (205),953,$1.041 million,11
1,Baker,1950,August 18 – September 1,Category 2 hurricane,105 (165),978,$2.55 million,38
2,Charlie,1950,August 21 – September 5,Category 2 hurricane,110 (175),974,None,None
3,Dog,1950,August 30 – September 12,Category 4 hurricane,145 (230),943,$3 million,26 (5)
4,Easy,1950,September 1 – 9,Category 3 hurricane,125 (205),958,$3.3 million,0 (2)
5,Fox,1950,September 8 – 17,Category 4 hurricane,140 (220),948,None,None
6,George,1950,September 27 – October 5,Category 2 hurricane,110 (175),960,None,None
7,How,1950,October 1 – 4,Tropical storm,45 (75),1007,None,None
8,Item,1950,October 8 – 11,Category 2 hurricane,105 (165),976,$1.5 million,None
9,Jig,1950,October 11 – 16,Category 3 hurricane,115 (185),987,None,None
10,King,1950,October 13 – 20,Category 4 hurricane,130 (215),955,$32 million,11
11,Unnamed,1950,October 17 – 24,Tropical storm,70 (110),1001,None,None
12,Love,1950,October 18 – 22,Category 1 hurricane,80 (130),987,Minimal,None
13,Mike,1950,October 25 – 28,Tropical storm,45 (75),1008,None,None
14,Unnamed,1950,October 27 – 29,Tropical storm,50 (85),1010,None,None
15,Unnamed,1950,November 10 – 12,Tropical storm,70 (110),1001,None,None
16,Brenda,1955,July 31 – August 3,Tropical storm,70 (110),998,Minimal,2
17,Connie,1955,August 3 – 15,Category 4 hurricane,140 (220),944,$86 million,74
18,Diane,1955,August 7 – 21,Category 2 hurricane,105 (165),969,$754.7 million,≥184
19,Edith,1955,August 21 – 31,Category 2 hurricane,100 (155),967,None,None
20,Five,1955,August 25 – 28,Tropical storm,45 (75),1000,Minimal,None
21,Flora,1955,September 2 – 9,Category 2 hurricane,105 (165),967,None,None
22,Gladys,1955,September 3 – 6,Category 1 hurricane,90 (150),996,$500 thousand,None
23,Ione,1955,September 10 – 21,Category 4 hurricane,140 (220),938,$88 million,7
24,Hilda,1955,September 12 – 20,Category 3 hurricane,125 (205),952,$120 million,304
25,Janet,1955,September 21 – 30,Category 5 hurricane,175 (280),914,$65.8 million,"1,023"
26,Eleven,1955,September 23 – 27,Tropical storm,45 (75),1012,None,None
27,Twelve,1955,October 10 – 14,Tropical storm,65 (100),995,None,None
28,Katie,1955,October 14 – 19,Category 2 hurricane,110 (175),984,$200 thousand,7
29,One,1960,June 22 – 28,Tropical storm,60 (95),1000,$3.6 million,18
30,Abby,1960,July 9 – 17,Category 1 hurricane,80 (130),995,"$640,000",6
31,Brenda,1960,July 27 – 31,Tropical storm,70 (110),991,$5 million,1
32,Cleo,1960,August 17 – 21,Category 1 hurricane,85 (140),995,Minimal,None
33,Donna,1960,August 29 – September 13,Category 4 hurricane,145 (230),930,$400 million,428
34,Six,1960,September 1 – 3,Tropical storm,45 (75),1009,None,None
35,Ethel,1960,September 12 – 17,Category 3 hurricane,115 (185),974,$1.5 million,1
36,Florence,1960,September 17 – 26,Tropical storm,60 (95),1000,Minimal,None
37,Anna,1961,July 20 – 24,Category 2 hurricane,105 (165),976,"$300,000",1
38,Betsy,1961,September 2 – 11,Category 4 hurricane,130 (215),945,None,None
39,Carla,1961,September 3 – 13,Category 4 hurricane,145 (230),927,$325.74 million,43
40,Debbie,1961,September 6 – 16,Category 1 hurricane,90 (150),975,Unknown,60
41,Esther,1961,September 10 – 26,Category 5 hurricane,160 (260),919,$6 million,0 (7)
42,Six,1961,September 12 – 15,Tropical storm,65 (100),996,Minimal,None
43,Frances,1961,September 30 – October 9,Category 4 hurricane,130 (215),948,Unknown,None
44,Gerda,1961,October 16 – 20,Tropical storm,70 (110),988,Unknown,7
45,Hattie,1961,October 27 – November 1,Category 5 hurricane,165 (270),914,$60.3 million,319
46,Jenny,1961,November 1 – 10,Category 1 hurricane,80 (130),974,None,None
47,Inga,1961,November 4 – 8,Tropical storm,70 (110),997,None,None
48,Twelve,1961,November 17 – 20,Tropical storm,60 (95),992,None,None
49,One,1962,June 30 – July 2,Tropical storm,60 (95),1000,None,None
50,Alma,1962,August 26–30,Category 1 hurricane,85 (140),984,$1 million,0 (1)
51,Three,1962,August 26–30,Tropical depression,30 (45),1005,Unknown,3
52,Becky,1962,August 27–31,Tropical storm,60 (95),1005,None,None
53,Celia,1962,September 12–21,Tropical storm,70 (110),995,None,None
54,Six,1962,September 20–23,Tropical depression,30 (45),1010,$2.78 million,1
55,Seven,1962,September 27 – October 4,Tropical depression,30 (45),Unknown,Unknown,Unknown
56,Daisy,1962,September 29 – October 7,Category 2 hurricane,105 (165),963,>$1.1 million,8 (24)
57,Ella,1962,October 14–22,Category 2 hurricane,110 (175),958,Unknown,2
58,Ten,1962,November 28 – December 4,Category 1 hurricane,90 (150),988,Unknown,None
59,One,1963,June 1 – 4,Tropical storm,60 (95),1000,Unknown,None
60,Arlene,1963,July 31 – August 11,Category 3 hurricane,115 (185),969,"$300,000",None
61,Beulah,1963,August 20 – 27,Category 3 hurricane,120 (195),958,None,None
62,Four,1963,September 9 – 14,Category 1 hurricane,80 (140),990,None,None
63,Cindy,1963,September 16 – 20,Tropical storm,65 (100),996,$12.5 million,3
64,Debra,1963,September 19 – 24,Category 1 hurricane,75 (120),999,None,None
65,Unnumbered,1963,September 23 – 27,Tropical depression,Unknown,1005,None,None
66,Edith,1963,September 23 – 29,Category 2 hurricane,100 (155),990,$46.6 million,10
67,Flora,1963,September 28 – October 11,Category 4 hurricane,150 (240),933,$773.4 million,"7,193"
68,Ginny,1963,October 17 – 29,Category 2 hurricane,110 (175),948,"$500,000",3
69,Helena,1963,October 25 – 30,Tropical storm,50 (85),1002,"$500,000",5
70,One,1964,June 2 – 11,Tropical storm,70 (110),989,$1 million,None
71,Two,1964,July 23 – 26,Tropical storm,60 (95),1001,Unknown,None
72,Three,1964,July 28 – August 2,Category 1 hurricane,85 (140),990,None,None
73,Abby,1964,August 5 – 8,Tropical storm,65 (100),1000,"$750,000",None
74,Brenda,1964,August 8 – 10,Tropical storm,50 (85),1006,"$275,000",None
75,Cleo,1964,August 20 – September 5,Category 4 hurricane,150 (240),938,$187.5 million,220
76,Dora,1964,August 28 – September 13,Category 4 hurricane,130 (215),942,$280 million,5
77,Ethel,1964,September 4 – 14,Category 2 hurricane,105 (165),974,Minimal,None
78,Florence,1964,September 5 – 10,Tropical storm,45 (75),1002,None,None
79,Gladys,1964,September 13 – 24,Category 4 hurricane,130 (215),945,"$100,000",1
80,Hilda,1964,September 28 – October 4,Category 4 hurricane,140 (220),941,$125 million,38
81,Isbell,1964,October 8 – 16,Category 3 hurricane,115 (185),964,$30 million,7
82,Thirteen,1964,November 5 – 10,Tropical storm,70 (110),997,$5 million,None
83,Unnumbered,1965,June 11–12,Tropical depression,Unknown,Unknown,Minimal,None
84,One,1965,June 13–15,Tropical storm,50 (85),1005,Minimal,None
85,Unnumbered,1965,August 8,Tropical depression,Unknown,Unknown,None,None
86,Anna,1965,August 21–25,Category 2 hurricane,105 (165),976,None,None
87,Betsy,1965,August 27 – September 12,Category 4 hurricane,140 (220),942,$1.43 billion,76
88,Four,1965,September 7–9,Tropical storm,60 (95),991,None,None
89,Carol,1965,September 16–30,Category 1 hurricane,90 (150),974,None,None
90,Unnumbered,1965,September 24–26,Tropical depression,Unknown,Unknown,None,None
91,Debbie,1965,September 24–30,Tropical storm,60 (95),993,$25 million,None
92,Seven,1965,October 2–3,Tropical storm,60 (95),993,None,None
93,Elena,1965,October 12–19,Category 2 hurricane,110 (175),977,None,None
94,Nine,1965,October 16–19,Tropical storm,65 (100),1004,Unknown,None
95,Ten,1965,November 29 – December 2,Tropical storm,50 (85),999,None,None
96,Unnumbered,1967,June 10 – 12,Tropical depression,Unknown,Unknown,Unknown,None
97,Two,1967,June 10 – 13,Tropical depression,Unknown,Unknown,None,None
98,Three,1967,June 14 – 19,Tropical depression,Unknown,Unknown,"$15,000",None
99,Four,1967,June 18 – 20,Tropical depression,Unknown,Unknown,None,None
100,Unnumbered,1967,July 5 – 9,Tropical depression,Unknown,Unknown,None,None
101,Unnumbered,1967,July 21 – 22,Tropical depression,Unknown,Unknown,None,None
102,Unnumbered,1967,August 3 – 6,Tropical depression,Unknown,Unknown,None,None
103,Unnumbered,1967,August 10 – 16,Tropical depression,Unknown,Unknown,None,None
104,Unnumbered,1967,August 16 – 19,Tropical depression,Unknown,Unknown,None,None
105,Unnumbered,1967,August 20 – 24,Tropical depression,Unknown,Unknown,None,None
106,Arlene,1967,August 28 – September 4,Category 1 hurricane,85 (140),982,None,None
107,Chloe,1967,September 5 – 21,Category 2 hurricane,110 (175),958,Unknown,14
108,Beulah,1967,September 5 – 22,Category 5 hurricane,160 (260),923,$234.6 million,59
109,Doria,1967,September 8 – 21,Category 1 hurricane,85 (140),973,"$150,000",3
110,Ten,1967,September 18 – 26,Tropical depression,Unknown,Unknown,None,None
111,Thirteen,1967,September 22 – 30,Tropical depression,Unknown,Unknown,None,None
112,Eleven,1967,September 25 – 28,Tropical depression,Unknown,Unknown,None,None
113,Edith,1967,September 26 – October 1,Tropical storm,60 (95),1000,Minimal,None
114,Fern,1967,October 1 – 4,Category 1 hurricane,85 (140),987,Minimal,3
115,Sixteen,1967,October 3 – 5,Tropical depression,Unknown,Unknown,None,None
116,Ginger,1967,October 5 – 8,Tropical storm,50 (85),1002,None,None
117,Eighteen,1967,October 8 – 9,Tropical depression,Unknown,Unknown,None,None
118,Nineteen,1967,October 12 – 14,Tropical depression,Unknown,Unknown,None,None
119,Twenty-one,1967,October 15 – 17,Tropical depression,Unknown,Unknown,None,None
120,Heidi,1967,October 19 – 31,Category 1 hurricane,90 (150),981,Minimal,None
121,Twenty-three,1967,October 26 – 29,Tropical depression,Unknown,Unknown,None,None
122,One,1974,June 22 – 26,Tropical depression,35 (55),Unknown,Unknown,None
123,One,1974,June 24 – 25,Subtropical storm,65 (100),1000,$24.8 million,3
124,Two,1974,June 30 – July 2,Tropical depression,35 (55),Unknown,None,None
125,Three,1974,July 13 – 17,Tropical depression,35 (55),Unknown,None,None
126,Two,1974,July 14 – 19,Subtropical storm,50 (85),1006,None,None
127,Three,1974,August 10 – 15,Subtropical storm,60 (95),992,None,None
128,Alma,1974,August 12 – 15,Tropical storm,65 (100),1007,$5 million,51
129,Five,1974,August 24 – 26,Tropical depression,35 (55),Unknown,$100 thousand,1
130,Becky,1974,August 26 – September 2,Category 3 hurricane,115 (185),977,None,None
131,Carmen,1974,August 29 – September 10,Category 4 hurricane,150 (240),928,$162 million,12
132,Eight,1974,September 2 – 11,Tropical depression,35 (55),Unknown,Unknown,None
133,Dolly,1974,September 2 – 5,Tropical storm,50 (85),1005,None,None
134,Elaine,1974,September 4 – 13,Tropical storm,70 (110),1001,None,None
135,Fifi,1974,September 14 – 22,Category 2 hurricane,110 (175),971,$1.8 billion,"≥8,210"
136,Twelve,1974,September 18 – 20,Tropical depression,30 (45),Unknown,Unknown,None
137,Thirteen,1974,September 23 – 27,Tropical depression,35 (55),Unknown,Unknown,None
138,Gertrude,1974,September 25 – October 4,Category 1 hurricane,75 (120),999,Unknown,None
139,Four,1974,October 4 – October 8,Subtropical storm,50 (85),1006,$600 thousand,None
140,Fifteen,1974,October 30 – November 2,Tropical depression,30 (45),Unknown,None,None
141,Sixteen,1974,November 10 – November 12,Tropical depression,30 (45),Unknown,None,None
142,One,1975,June 24 – June 29,Tropical depression,35 (55),Unknown,None,None
143,Amy,1975,June 26 – July 4,Tropical storm,70 (110),981,Minimal,1
144,Three,1975,July 4 – July 5,Tropical depression,30 (45),Unknown,None,None
145,Blanche,1975,July 23 - July 28,Category 1 hurricane,85 (140),980,$6.2 million,None
146,Five,1975,July 24 - July 26,Tropical depression,35 (55),1008,Unknown,None
147,Six,1975,July 28 - July 30,Tropical depression,35 (55),Unknown,>$8.5 million,3
148,Caroline,1975,August 24 - September 1,Category 3 hurricane,115 (185),963,Unknown,2
149,Doris,1975,August 28 - September 4,Category 2 hurricane,110 (175),965,None,None
150,Eight,1975,September 3 - September 9,Tropical depression,35 (55),Unknown,None,None
151,Nine,1975,September 3 - September 6,Tropical depression,35 (55),Unknown,None,None
152,Ten,1975,September 6 - September 7,Tropical depression,30 (45),Unknown,Unknown,None
153,Eleven,1975,September 11 - September 14,Tropical depression,35 (55),Unknown,None,None
154,Eloise,1975,September 13 - September 24,Category 3 hurricane,125 (205),955,>$550 million,80
155,Faye,1975,September 18 - September 29,Category 2 hurricane,105 (165),977,Minimal,None
156,Gladys,1975,September 22 - October 3,Category 4 hurricane,140 (220),939,None,None
157,Fifteen,1975,September 25- September 30,Tropical depression,30 (45),Unknown,Unknown,None
158,Sixteen,1975,October 3 - October 5,Tropical depression,35 (55),Unknown,None,None
159,Seventeen,1975,October 14 - October 17,Tropical depression,35 (55),Unknown,Unknown,1
160,Hallie,1975,October 24 - October 28,Tropical storm,50 (85),1002,Minimal,None
161,Eighteen,1975,October 27 - October 29,Tropical depression,35 (55),Unknown,Unknown,None
162,Nineteen,1975,November 8 - November 12,Tropical depression,35 (55),Unknown,Unknown,None
163,Twenty,1975,November 29 - December 1,Tropical depression,30 (45),Unknown,None,None
164,Two,1975,December 6 - December 13,Subtropical storm,70 (110),985,None,None
165,One,1976,May 21 – 25,Subtropical storm,50 (85),994,$628 thousand,None
166,Depression,1976,June 7 – 9,Tropical depression,35 (55),N/A,None,None
167,Depression,1976,June 11 – 12,Tropical depression,35 (55),N/A,None,None
168,Depression,1976,July 20 – 22,Tropical depression,30 (45),N/A,None,None
169,Depression,1976,July 23 – 24,Tropical depression,30 (45),N/A,None,None
170,Anna,1976,July 28 – August 1,Tropical storm,45 (75),999,None,None
171,Belle,1976,August 6 – 10,Category 3 hurricane,120 (195),957,$101 million,3 (9)
172,Dottie,1976,August 18 – 21,Tropical storm,50 (85),996,Minimal,4
173,Candice,1976,August 18 – 24,Category 1 hurricane,90 (150),964,None,None
174,Emmy,1976,August 20 – September 4,Category 2 hurricane,105 (165),974,Minimal,(68)
175,Frances,1976,August 27 – September 4,Category 3 hurricane,115 (185),963,None,None
176,Depression,1976,September 4 – 6,Tropical depression,30 (45),N/A,None,None
177,Depression,1976,September 5 – 7,Tropical depression,30 (45),N/A,None,None
178,Three,1976,September 13 – 17,Subtropical storm,50 (85),1011,None,None
179,Depression,1976,September 20 – 27,Tropical depression,35 (55),N/A,None,None
180,Depression,1976,September 22 – 24,Tropical depression,30 (45),N/A,None,None
181,Gloria,1976,September 26 – October 4,Category 2 hurricane,105 (165),970,None,None
182,Depression,1976,September 26 – 28,Tropical depression,35 (55),N/A,None,None
183,Ten,1976,October 3 – 12,Tropical depression,35 (55),N/A,None,None
184,Depression,1976,October 12 – 15,Tropical depression,35 (55),N/A,None,None
185,Holly,1976,October 22 – 28,Category 1 hurricane,75 (120),990,None,None
186,Unnumbered,1977,June 13 – June 14,Tropical depression,30 (45),Unknown,None,None
187,Unnumbered,1977,July 18 – July 19,Tropical depression,35 (55),Unknown,None,None
188,Unnumbered,1977,July 25 – July 26,Tropical depression,30 (45),Unknown,None,None
189,Unnumbered,1977,August 1 – August 4,Tropical depression,35 (55),Unknown,None,None
190,Anita,1977,August 29 – September 3,Category 5 hurricane,175 (280),926,Unknown,11
191,Babe,1977,September 3 – 9,Category 1 hurricane,75 (120),995,$13 million,None
192,Clara,1977,September 5 – September 11,Category 1 hurricane,75 (120),993,Minimal,None
193,Unnumbered,1977,September 17 – September 19,Tropical depression,30 (45),Unknown,None,None
194,Unnumbered,1977,September 22 – September 23,Tropical depression,30 (45),Unknown,None,None
195,Dorothy,1977,September 26 – 29,Category 1 hurricane,85 (140),980,None,None
196,Unnumbered,1977,October 1 – October 3,Tropical depression,35 (55),Unknown,None,None
197,Unnumbered,1977,October 3 – October 5,Tropical depression,35 (55),Unknown,None,None
198,Evelyn,1977,October 13 – 15,Category 1 hurricane,80 (130),994,None,None
199,Frieda,1977,October 16 – 19,Tropical storm,60 (95),1005,None,None
200,Unnumbered,1977,October 24 – October 25,Tropical depression,35 (55),Unknown,None,None
201,Nine,1977,November 3 – 7,Tropical depression,35 (55),1006,None,None
202,One (unnamed),1978,January 18 – January 23,Subtropical storm,45 (75),1002,None,None
203,Unnamed,1978,June 21 – June 23,Tropical depression,30 (45),1014,None,None
204,Unnamed,1978,July 10 - July 12,Tropical depression,35 (55),1011,None,None
205,Amelia,1978,July 30 - August 1,Tropical storm,50 (85),1005,$110 million,33
206,Bess,1978,August 5 - August 8,Tropical storm,50 (85),1005,None,None
207,Cora,1978,August 7 - August 12,Category 1 hurricane,90 (150),980,Minimal,1
208,Four,1978,August 7 - August 11,Tropical depression,35 (55),1008,None,None
209,Unnamed,1978,August 9 - August 10,Tropical depression,30 (45),1015,None,None
210,Debra,1978,August 26 - August 29,Tropical storm,60 (95),1000,Minor,2
211,Ella,1978,August 30 - September 5,Category 4 hurricane,140 (220),956,None,None
212,Unnamed,1978,August 30 - September 1,Tropical depression,35 (55),1013,None,None
213,Eight,1978,September 3 - September 11,Tropical depression,35 (55),1009,None,None
214,Flossie,1978,September 4 - September 15,Category 2 hurricane,100 (155),976,None,None
215,Nine,1978,September 8 -September 10,Tropical depression,35 (55),1003,None,None
216,Greta,1978,September 13 - September 20,Category 4 hurricane,135 (215),947,$25 million,5
217,Hope,1978,September 11 - September 21,Tropical storm,65 (100),987,None,None
218,Twelve,1978,September 18 - September 29,Tropical depression,35 (55),1008,None,None
219,Unnamed,1978,September 21 - September 23,Tropical depression,35 (55),1001,None,None
220,Irma,1978,October 2 - October 5,Tropical storm,50 (85),998,None,None
221,Juliet,1978,October 7 - October 11,Tropical storm,50 (85),1006,None,None
222,Unnamed,1978,October 13 - October 17,Tropical depression,35 (55),992,None,None
223,Unnamed,1978,October 26 - October 29,Tropical depression,30 (45),1008,None,None
224,Kendra,1978,October 28 - November 1,Category 1 hurricane,80 (130),990,$6 million,1
225,Unnamed,1978,November 3 - November 5,Tropical depression,35 (55),1006,None,None
226,Unnumbered,1979,June 9 – June 10,Tropical depression,Unknown,Unknown,None,None
227,One,1979,June 11 – June 16,Tropical depression,30 (45),1005,$27 million,40
228,Ana,1979,June 19 – June 24,Tropical storm,60 (95),1005,None,None
229,Unnumbered,1979,July 8 – July 13,Tropical depression,30 (45),1004,None,None
230,Bob,1979,July 9 – July 16,Category 1 hurricane,75 (120),986,$20 million,1
231,Unnumbered,1979,July 9 – July 11,Tropical depression,Unknown,Unknown,None,None
232,Four,1979,July 10 – July 13,Tropical depression,35 (55),1012,None,None
233,Claudette,1979,July 15 – July 29,Tropical storm,50 (85),997,$750 million,2
234,Unnumbered,1979,July 23 – July 26,Tropical depression,35 (55),1009,None,None
235,Six,1979,July 31 – August 6,Tropical depression,35 (55),1007,None,None
236,David,1979,August 25 – September 6,Category 5 hurricane,175 (280),924,$1.54 billion,"2,068"
237,Eight,1979,August 25 – August 28,Tropical depression,35 (55),1006,None,None
238,Frederic,1979,August 29 – September 14,Category 4 hurricane,130 (215),943,$1.77 billion,12
239,Elena,1979,August 30 – September 2,Tropical storm,40 (65),1004,$10 million,5
240,Unnumbered,1979,September 1 – September 6,Tropical depression,35 (55),1008,None,None
241,Gloria,1979,September 4 – September 15,Category 2 hurricane,100 (155),975,None,None
242,Henri,1979,September 15 – September 24,Category 1 hurricane,85 (140),983,Minimal,None
243,Thirteen,1979,September 16 – September 21,Tropical depression,35 (55),1008,None,None
244,Unnumbered,1979,September 19 – September 21,Tropical depression,Unknown,Unknown,Unknown,4
245,Unnumbered,1979,September 21 – September 24,Tropical depression,Unknown,Unknown,None,None
246,Fourteen,1979,October 12 – October 20,Tropical depression,35 (55),1003,None,None
247,Unnumbered,1979,October 22 – October 28,Tropical depression,Unknown,Unknown,None,None
248,One,1979,October 23 – October 25,Subtropical storm,75 (120),980,None,None
249,Unnumbered,1979,October 24 – October 29,Tropical depression,35 (55),1006,None,None
250,Fifteen,1979,November 7 – November 10,Tropical depression,35 (55),998,None,None
251,Unnumbered,1979,November 13 – November 15,Tropical depression,Unknown,Unknown,None,None
252,One,1980,July 17 – 21,Tropical depression,30 (45),1010,None[4],None[4]
253,Allen,1980,July 31 – August 11,Category 5 hurricane,190 (305),899,$1.57 billion[7][8],269[6][7][8]
254,Four,1980,August 13 – 17,Tropical depression,35 (55),1010,None[4],None[4]
255,Bonnie,1980,August 14 – 19,Category 2 hurricane,100 (155),975,None[4],None[4]
256,Charley,1980,August 20 – 25,Category 1 hurricane,80 (130),989,None[4],7[3]
257,Six,1980,August 25 – 29,Tropical depression,35 (55),1009,None[4],None[4]
258,Georges,1980,September 1 – 8,Category 1 hurricane,80 (130),993,None[4],None[4]
259,Danielle,1980,September 4 – 7,Tropical storm,60 (95),1004,"$277,000[9]",3[10][33]
260,Earl,1980,September 4 – 10,Category 1 hurricane,75 (120),985,None[4],None[4]
261,Frances,1980,September 6 – 20,Category 3 hurricane,115 (185),958,None[4],None[4]
262,Hermine,1980,September 20 – 26,Tropical storm,70 (110),993,Unknown[4],38[5]
263,Ivan,1980,October 4 – 11,Category 2 hurricane,105 (165),970,None[4],None[4]
264,Unnumbered,1980,October 16 – 17,Tropical depression,30 (45),1009,None[4],None[4]
265,Jeanne,1980,November 8 – 16,Category 2 hurricane,100 (155),986,None[4],None[4]
266,Fourteen,1980,November 12 – 18,Tropical depression,35 (55),1007,Unknown[4],None[4]
267,Karl,1980,November 25 – 28,Category 1 hurricane,85 (140),985,None[4],None[4]
268,Ana,1985,July 15 – 19,Tropical storm,70 (110),996,None,None
269,Bob,1985,July 21 – 26,Category 1 hurricane,75 (120),1002,$20 million,0 (5)
270,Claudette,1985,August 9 – 16,Category 1 hurricane,85 (140),980,None,None
271,Danny,1985,August 12 – 18,Category 1 hurricane,90 (150),987,$100 million,2 (3)
272,Elena,1985,August 28 – September 4,Category 3 hurricane,125 (205),953,$1.3 billion,9
273,Unnumbered,1985,September 8 – 13,Tropical depression,35 (55),N/A,None,None
274,Six,1985,September 11 – 13,Tropical depression,35 (55),N/A,None,None
275,Fabian,1985,September 15 – 19,Tropical storm,65 (100),992,None,None
276,Gloria,1985,September 16–27,Category 4 hurricane,145 (230),919,$900 million,14
277,Henri,1985,September 21 – 25,Tropical storm,60 (90),997,None,None
278,Isabel,1985,October 7 – 15,Tropical storm,70 (110),997,None,None
279,Juan,1985,October 26 – November 1,Category 1 hurricane,85 (140),971,$1.5 billion,12
280,Kate,1985,November 15–23,Category 3 hurricane,120 (195),953,$700 million,15
281,Thirteen,1985,December 7 – 9,Tropical depression,35 (55),N/A,None,None
282,One,1989,June 15–17,Tropical depression,30 (45),1007,None,None
283,Allison,1989,June 24–27,Tropical storm,50 (85),999,$560 million,11
284,Barry,1989,July 9–14,Tropical storm,50 (80),1005,None,None
285,Chantal,1989,July 30 – August  3,Category 1 hurricane,80 (130),984,$100 million,13
286,Dean,1989,July 31 – August 8,Category 2 hurricane,105 (165),968,$8.9 million,None
287,Six,1989,August 8–17,Tropical depression,35 (55),N/A,None,None
288,Erin,1989,August 18–27,Category 2 hurricane,105 (165),968,None,None
289,Felix,1989,August 26 – September 9,Category 1 hurricane,85 (140),979,None,None
290,Nine,1989,August 27–28,Tropical depression,30 (45),N/A,None,None
291,Gabrielle,1989,August 30 – September 13,Category 4 hurricane,145 (230),935,Minimal,9
292,Hugo,1989,September 10–22,Category 5 hurricane,160 (260),918,$10.3 billion,60
293,Iris,1989,September 16 –  21,Tropical storm,70 (110),1001,None,None
294,Thirteen,1989,October 2–5,Tropical depression,35 (55),N/A,None,None
295,Jerry,1989,October 12–16,Category 1 hurricane,85 (140),982,$70 million,3
296,Karen,1989,November 28 – December 4,Tropical storm,60 (95),1000,None,None
297,One,1990,May 24 – 26,Tropical depression,30 (45),1007,None,None
298,Arthur,1990,July 22 – 27,Tropical storm,70 (110),995,Minimal,None
299,Bertha,1990,July 24 – August 2,Category 1 hurricane,80 (130),973,$3.91 million,9
300,Cesar,1990,July 31 – August 7,Tropical storm,50 (85),1000,None,None
301,Edouard,1990,August 2 – 11,Tropical storm,45 (75),1003,None,None
302,Diana,1990,August 4 – 9,Category 2 hurricane,100 (155),980,$90.7 million,139
303,Fran,1990,August 11 – 15,Tropical storm,40 (65),1007,Minimal,None
304,Gustav,1990,August 24 – September 3,Category 3 hurricane,120 (195),956,None,None
305,Hortense,1990,August 25 – 31,Tropical storm,65 (100),993,None,None
306,Isidore,1990,September 4 – 17,Category 2 hurricane,100 (155),978,None,None
307,Eleven,1990,September 18 – 27,Tropical depression,35 (55),1003,None,None
308,Josephine,1990,September 21 – October 6,Category 1 hurricane,85 (140),980,None,None
309,Klaus,1990,October 3 – 9,Category 1 hurricane,80 (130),985,$1 million,11
310,Lili,1990,October 6 – 14,Category 1 hurricane,75 (120),987,None,None
311,Marco,1990,October 9 – 12,Tropical storm,65 (100),989,$57 million,12
312,Nana,1990,October 16 – 21,Category 1 hurricane,85 (140),989,Moderate,None
313,Ana,1991,July 2 – 5,Tropical storm,50 (85),1000,Minimal,None
314,Two,1991,July 5 – 7,Tropical depression,35 (55),1003,Unknown,None
315,Bob,1991,August 16 – 20,Category 3 hurricane,115 (185),950,$1.47 billion,15 (2)
316,Four,1991,August 24 – 26,Tropical depression,35 (55),1009,None,None
317,Five,1991,August 28 – 31,Tropical depression,35 (55),1009,None,None
318,Claudette,1991,September 4 – 14,Category 4 hurricane,130 (215),944,Minimal,None
319,Danny,1991,September 7 – 11,Tropical storm,50 (85),998,None,None
320,Erika,1991,September 8 – 12,Tropical storm,60 (95),997,None,None
321,Fabian,1991,October 15 – 16,Tropical storm,45 (75),1002,Minimal,None
322,Ten,1991,October 24 – 25,Tropical depression,30 (45),1009,None,None
323,Grace,1991,October 25 – 29,Category 2 hurricane,105 (165),980,None,None
324,Perfect Storm,1991,October 31 – November 2,Category 1 hurricane,75 (120),972,$200 million,13
325,Unnamed,1992,April 21 – 24,Subtropical storm,50 (85),1002,None[85],None[85]
326,One,1992,June 25 – 26,Tropical depression,35 (55),1007,$2.6 million[9][10],4 (1)[9][10][11]
327,Two,1992,July 24 – 26,Tropical depression,35 (55),1015,None[31],None[31]
328,Andrew,1992,August 16 – 28,Category 5 hurricane,175 (280),922,$27.3 billion[49],26 (39)[12]
329,Bonnie,1992,September 17 – 30,Category 2 hurricane,110 (175),965,None,1[7]
330,Charley,1992,September 21 – 27,Category 2 hurricane,110 (175),965,Minimal,None[56]
331,Danielle,1992,September 22 – 26,Tropical storm,60 (95),1001,Minimal,2[13]
332,Seven,1992,September 25 – October 1,Tropical depression,35 (55),1008,Unknown[64],None[64]
333,Earl,1992,September 26 – October 3,Tropical storm,65 (100),990,None[88],None[88]
334,Frances,1992,October 23 – 27,Category 1 hurricane,85 (140),976,None[81],None[81]
335,One,1993,May 31 – June 2,Tropical depression,35 (55),999,Unknown,20
336,Arlene,1993,June 18 – 21,Tropical storm,40 (65),1000,$60.8 million,26
337,Bret,1993,August 4 –11,Tropical storm,60 (95),1002,$37.5 million,213
338,Cindy,1993,August 14 – 17,Tropical storm,45 (75),1007,$19 million,4
339,Dennis,1993,August 23 –28,Tropical storm,50 (85),1000,None,None
340,Emily,1993,August 22 – September 6,Category 3 hurricane,115 (185),960,$35 million,3
341,Floyd,1993,September 7 –10,Category 1 hurricane,75 (120),990,Unknown,None
342,Gert,1993,September 14 –21,Category 2 hurricane,100 (155),970,$170 million,116
343,Harvey,1993,September 18 –21,Category 1 hurricane,75 (120),990,None,None
344,Ten,1993,September 29 –30,Tropical depression,35 (55),1008,None,None
345,Alberto,1994,June 30 – July 7,Tropical storm,65 (100),993,$1.03 billion,30
346,Two,1994,July 20 – 21,Tropical depression,35 (55),1015,None,None
347,Beryl,1994,August 14 – 19,Tropical storm,60 (95),999,$73 million,1
348,Chris,1994,August 16 – 23,Category 1 hurricane,80 (130),979,None,None
349,Five,1994,August 29 – 31,Tropical depression,35 (55),1005,Unknown,None
350,Debby,1994,September 9 – 11,Tropical storm,70 (110),1006,$230 million,9
351,Ernesto,1994,September 21 – 26,Tropical storm,60 (95),997,None,None
352,Eight,1994,September 24 – 26,Tropical depression,35 (55),1004,Unknown,None
353,Nine,1994,September 27 – 29,Tropical depression,35 (55),1007,None,None
354,Ten,1994,September 29 – 30,Tropical depression,35 (55),1004,$5 million,None
355,Florence,1994,November 2 – 8,Category 2 hurricane,110 (175),972,None,None
356,Gordon,1994,November 8 – 21,Category 1 hurricane,85 (140),980,$594 million,"1,149"
357,Allison,1995,June 3 – 6,Category 1 hurricane,75 (120),987,$1.7 million,1
358,Barry,1995,July 5 – 10,Tropical storm,70 (110),989,None,None
359,Chantal,1995,July 12 – 22,Tropical storm,70 (110),991,None,None
360,Dean,1995,July 28 – August 2,Tropical storm,45 (75),999,"$500,000",None
361,Erin,1995,July 31 – August 6,Category 2 hurricane,100 (165),973,$700 million,6 (7)
362,Six,1995,August 5 – 7,Tropical depression,35 (55),1002,None,None
363,Felix,1995,August 8 – 22,Category 4 hurricane,140 (220),929,$3.63 million,9
364,Gabrielle,1995,August 9 – 12,Tropical storm,70 (110),988,Unknown,6
365,Humberto,1995,August 21 – September 1,Category 2 hurricane,110 (175),968,None,None
366,Iris,1995,August 22 – September 4,Category 2 hurricane,110 (175),965,Unknown,5
367,Jerry,1995,August 22 – 28,Tropical storm,40 (65),1002,$40 million,6 (2)
368,Karen,1995,August 26 – September 3,Tropical storm,50 (85),1000,None,None
369,Luis,1995,August 28 – September 11,Category 4 hurricane,150 (240),935,$3.3 billion,19
370,Fourteen,1995,September 9 – 13,Tropical depression,35 (55),1008,None,None
371,Marilyn,1995,September 12 – 22,Category 3 hurricane,115 (185),949,$2.1 billion,13
372,Noel,1995,September 26 – October 7,Category 1 hurricane,75 (120),987,None,None
373,Opal,1995,September 27 – October 5,Category 4 hurricane,150 (240),916,$4.7 billion,67 (10)
374,Pablo,1995,October 4 – 8,Tropical storm,60 (95),994,None,None
375,Roxanne,1995,October 7 – 21,Category 3 hurricane,115 (185),956,$1.5 billion,29
376,Sebastien,1995,October 20 – 25,Tropical storm,65 (100),1001,None,None
377,Tanya,1995,October 26 – November 1,Category 1 hurricane,85 (140),972,Unknown,1
378,Arthur,1996,June 17 – 21,Tropical storm,45 (75),1004,$1 million,None
379,Bertha,1996,July 5 – 14,Category 3 hurricane,115 (185),960,$335 million,12
380,Cesar,1996,July 24 – 28,Category 1 hurricane,85 (140),985,$203 million,113
381,Dolly,1996,August 19 – 26,Category 1 hurricane,80 (130),989,None,14
382,Edouard,1996,August 19 – September 3,Category 4 hurricane,145 (230),933,$20 million,2
383,Fran,1996,August 23 – September 8,Category 3 hurricane,120 (195),946,$5 billion,37
384,Gustav,1996,August 26 – September 2,Tropical storm,45 (75),1005,None,None
385,Hortense,1996,September 3 – 16,Category 4 hurricane,140 (220),935,$158 million,39
386,Isidore,1996,September 24 – October 1,Category 3 hurricane,115 (185),960,None,None
387,Josephine,1996,October 4 – 8,Tropical storm,70 (110),981,$130 million,0 (3)
388,Kyle,1996,October 11 – 13,Tropical storm,50 (85),1001,None,None
389,Lili,1996,October 14 – 27,Category 3 hurricane,115 (185),960,$662 million,22
390,Marco,1996,November 16 – 26,Category 1 hurricane,75 (120),983,$8.2 million,14
391,Unnamed,1997,June 1 – 2,Tropical storm,50 (85),1003,None,None
392,Ana,1997,June 30 – July 4,Tropical storm,50 (85),1000,None,None
393,Bill,1997,July 11 – 13,Category 1 hurricane,75 (120),986,None,None
394,Claudette,1997,July 13 – 16,Tropical storm,45 (75),1003,None,None
395,Danny,1997,July 16 – 26,Category 1 hurricane,80 (130),984,$100 million,4 (5)
396,Five,1997,July 17 – 19,Tropical depression,35 (55),1008,None,None
397,Erika,1997,September 3 – 20,Category 3 hurricane,125 (205),946,$10 million,2
398,Fabian,1997,October 4 – 8,Tropical storm,40 (65),994,None,None
399,Grace,1997,October 16 – 17,Tropical storm,45 (75),999,$1.46 million,1
400,Alex,1998,July 27 – August 2,Tropical storm,50 (85),1000,None,None
401,Bonnie,1998,August 19 – 30,Category 3 hurricane,115 (185),954,$1 billion,5
402,Charley,1998,August 21 – 24,Tropical storm,70 (110),1000,$50 million,20
403,Danielle,1998,August 24 – September 3,Category 2 hurricane,105 (165),960,"$50,000",None
404,Earl,1998,August 31 – September 3,Category 2 hurricane,100 (155),985,$79 million,3
405,Frances,1998,September 8 – 13,Tropical storm,65 (100),990,$500 million,1 (1)
406,Georges,1998,September 15 – October 1,Category 4 hurricane,155 (250),937,$9.37 billion,604
407,Hermine,1998,September 17 – 20,Tropical storm,45 (75),999,"$85,000",0 (2)
408,Ivan,1998,September 19 – 27,Category 1 hurricane,90 (150),975,None,None
409,Jeanne,1998,September 21 – October 1,Category 2 hurricane,105 (165),969,None,None
410,Karl,1998,September 23 – 28,Category 2 hurricane,105 (165),970,None,None
411,Lisa,1998,October 5 – October 9,Category 1 hurricane,75 (120),995,None,None
412,Mitch,1998,October 22 – November 5,Category 5 hurricane,180 (285),905,$6.08 billion,"≥ 11,374"
413,Nicole,1998,November 24 – December 1,Category 1 hurricane,85 (140),979,None,None
414,Arlene,1999,June 11 – 18,Tropical storm,60 (95),1006,Minimal,None
415,Two,1999,July 2 – 3,Tropical depression,35 (55),1004,Unknown,None
416,Bret,1999,August 18 – 25,Category 4 hurricane,145 (230),944,$15 million,1 (6)
417,Cindy,1999,August 19 – 31,Category 4 hurricane,140 (220),942,None,1
418,Dennis,1999,August 24 – September 7,Category 2 hurricane,105 (165),962,$157 million,4
419,Emily,1999,August 24 – 28,Tropical storm,50 (85),1004,None,None
420,Seven,1999,September 5 – 7,Tropical depression,35 (55),1006,Unknown,None
421,Floyd,1999,September 7 – 17,Category 4 hurricane,155 (250),921,$6.5 billion,57 (20–30)
422,Gert,1999,September 11 – 23,Category 4 hurricane,150 (240),930,$1.9 million,2
423,Harvey,1999,September 19 – 22,Tropical storm,60 (95),994,$22.6 million,None
424,Eleven,1999,October 4 – 6,Tropical depression,35 (55),1002,Unknown,Unknown
425,Twelve,1999,October 6 – 8,Tropical depression,35 (55),1007,None,None
426,Irene,1999,October 12 – 19,Category 2 hurricane,110 (175),958,$800 million,3 (15)
427,Jose,1999,October 17 – 25,Category 2 hurricane,100 (155),979,$5 million,3
428,Katrina,1999,October 28 – November 1,Tropical storm,40 (65),999,"$9,000",None
429,Lenny,1999,November 13 – 23,Category 4 hurricane,155 (250),933,$785.8 million,17
430,One,2000,June 7 – 8,Tropical depression,30 (45),1008,None,None
431,Two,2000,June 23 – 25,Tropical depression,35 (55),1008,None,None
432,Alberto,2000,August 3 – 23,Category 3 hurricane,125 (205),950,None,None
433,Four,2000,August 8 – 11,Tropical depression,35 (55),1009,None,None
434,Beryl,2000,August 13 – 15,Tropical storm,50 (85),1007,$27 million,1
435,Chris,2000,August 17 – 19,Tropical storm,40 (65),1008,None,None
436,Debby,2000,August 19 – 24,Category 1 hurricane,85 (140),991,$735 thousand,0 (1)
437,Ernesto,2000,September 1 – 3,Tropical storm,40 (65),1008,None,None
438,Nine,2000,September 8 – 9,Tropical depression,35 (55),1008,None,None
439,Florence,2000,September 10 – 17,Category 1 hurricane,80 (130),985,None,0 (3)
440,Gordon,2000,September 14 – 21,Category 1 hurricane,80 (130),981,$10.8 million,24 (2)
441,Helene,2000,September 15 – 25,Tropical storm,70 (110),986,$16 million,1 (1)
442,Isaac,2000,September 21 – October 1,Category 4 hurricane,140 (220),943,None,1
443,Joyce,2000,September 25 – October 2,Category 1 hurricane,90 (150),975,Unknown,None
444,Keith,2000,September 28 – October 6,Category 4 hurricane,140 (220),939,$319 million,62 (6)
445,Leslie,2000,October 4 – 7,Tropical storm,45 (75),1006,$950 million,0 (3)
446,Michael,2000,October 15 – 20,Category 2 hurricane,100 (175),965,Unknown,None
447,Nadine,2000,October 19 – 21,Tropical storm,60 (95),999,None,None
448,Unnamed,2000,October 25 – 29,Subtropical storm,65 (100),976,Unknown,None
449,Allison,2001,June 4 – 18,Tropical storm,60 (95),1000,$9 billion,41 (14)
450,Two,2001,July 11 – 12,Tropical depression,30 (45),1010,None,None
451,Barry,2001,August 2 – 7,Tropical storm,70 (110),990,$30 million,2 (7)
452,Chantal,2001,August 14 – 22,Tropical storm,70 (110),997,$4 million,2
453,Dean,2001,August 22 – 28,Tropical storm,70 (110),994,$7.7 million,None
454,Erin,2001,September 1 – 15,Category 3 hurricane,115 (185),968,Minimal,None
455,Felix,2001,September 7 – 19,Category 3 hurricane,115 (185),962,None,None
456,Gabrielle,2001,September 11 – 19,Category 1 hurricane,80 (130),975,> $230 million,2 (1)
457,Nine,2001,September 19 – 20,Tropical depression,35 (55),1005,None,None
458,Humberto,2001,September 21 – 27,Category 2 hurricane,105 (165),970,None,None
459,Iris,2001,October 4 – 9,Category 4 hurricane,145 (230),948,$250 million,36
460,Jerry,2001,October 6 – 8,Tropical storm,50 (85),1004,None,None
461,Karen,2001,October 12 – 15,Category 1 hurricane,80 (130),982,$1.4 million,None
462,Lorenzo,2001,October 27 – 31,Tropical storm,40 (65),1007,None,None
463,Michelle,2001,October 29 – November 5,Category 4 hurricane,140 (220),933,$2.43 billion,48
464,Noel,2001,November 4 – 6,Category 1 hurricane,75 (120),986,None,None
465,Olga,2001,November 24 – December 4,Category 1 hurricane,90 (150),973,None,None
466,Arthur,2002,July 14 – 16,Tropical storm,60 (95),997,Minimal,1
467,Bertha,2002,August 4 – 9,Tropical storm,40 (65),1007,"$200,000",1
468,Cristobal,2002,August 5 – 8,Tropical storm,50 (85),999,Minimal,0 (3)
469,Dolly,2002,August 29 – September 4,Tropical storm,60 (95),997,None,None
470,Edouard,2002,September 1 – 6,Tropical storm,65 (100),1002,Minimal,None
471,Fay,2002,September 5 – 8,Tropical storm,60 (95),998,$4.5 million,None
472,Seven,2002,September 7 - 8,Tropical depression,35 (55),1013,None,None
473,Gustav,2002,September 8 - 12,Category 2 hurricane,100 (155),960,"$340,000",1 (3)
474,Hanna,2002,September 12 - 15,Tropical storm,60 (95),1001,$20 million,3
475,Isidore,2002,September 14 - 27,Category 3 hurricane,125  (205),934,$1.28 billion,19 (3)
476,Josephine,2002,September 17 - 19,Tropical storm,40 (65),1006,None,None
477,Kyle,2002,September 20 – October 12,Category 1 hurricane,85 (140),980,$5 million,0 (1)
478,Lili,2002,September 21 – October 4,Category 4 hurricane,145 (230),938,$1.16 billion,13 (2)
479,Fourteen,2002,October 14 - 16,Tropical depression,35 (55),1002,Minimal,None
480,Ana,2003,April 20 – 24,Tropical storm,60 (95),994,Moderate,2
481,Two,2003,June 11,Tropical depression,35 (55),1008,None,None
482,Bill,2003,June 28 – July 2,Tropical storm,60 (95),997,$50.5 million,4
483,Claudette,2003,July 8 – 17,Category 1 hurricane,90 (150),979,$181 million,1 (2)
484,Danny,2003,July 16 – 21,Category 1 hurricane,75 (120),1000,None,None
485,Six,2003,July 19 – 21,Tropical depression,35 (55),1010,None,None
486,Seven,2003,July 25 – 27,Tropical depression,35 (55),1016,None,None
487,Erika,2003,August 14 – 17,Category 1 hurricane,75 (120),988,$100 thousand,2
488,Nine,2003,August 21 – 22,Tropical depression,35 (55),1007,$20 thousand,None
489,Fabian,2003,August 25 – September 8,Category 4 hurricane,145 (235),939,$300 million,8
490,Grace,2003,August 30 – September 2,Tropical storm,40 (65),1007,$113 thousand,None
491,Henri,2003,September 3 – 8,Tropical storm,60 (95),997,$19.6 million,None
492,Isabel,2003,September 6 – 19,Category 5 hurricane,165 (270),915,$3.6 billion,16 (35)
493,Fourteen,2003,September 8 – 10,Tropical depression,35 (55),1007,None,None
494,Juan,2003,September 24 – 29,Category 2 hurricane,105 (170),969,$200 million,4 (4)
495,Kate,2003,September 25 – October 7,Category 3 hurricane,125 (205),952,None,None
496,Larry,2003,October 1 – 6,Tropical storm,65 (100),993,$53.6 million,5
497,Mindy,2003,October 10 – 14,Tropical storm,45 (75),1002,$50 thousand,None
498,Nicholas,2003,October 13 – 23,Tropical storm,70 (110),990,None,None
499,Odette,2003,December 4 – 7,Tropical storm,65 (100),993,$8 million,8 (2)
500,Peter,2003,December 7 – 11,Tropical storm,70 (110),990,None,None
501,Alex,2004,July 31 – August 6,Category 3 hurricane,120 (195),957,$7.5 million,1
502,Bonnie,2004,August 3 – 14,Tropical storm,65 (100),1001,$1.27 million,3 (1)
503,Charley,2004,August 9 – 14,Category 4 hurricane,150 (240),941,$16.9 billion,15 (20)
504,Danielle,2004,August 13 – 21,Category 2 hurricane,110 (175),964,None,None
505,Earl,2004,August 13 – 15,Tropical storm,50 (85),1009,None,1
506,Frances,2004,August 24 – September 10,Category 4 hurricane,145 (230),935,$10.1 billion,7 (43)
507,Gaston,2004,August 27 – September 1,Category 1 hurricane,75 (120),985,$130 million,8 (1)
508,Hermine,2004,August 27 – 31,Tropical storm,60 (95),1002,Minimal,None
509,Ivan,2004,September 2 – 24,Category 5 hurricane,165 (270),910,$26.07 billion,92 (32)
510,Ten,2004,September 7 – 9,Tropical depression,35 (55),1009,None,None
511,Jeanne,2004,September 13 – 28,Category 3 hurricane,120 (195),950,$7.939 billion,"3,037"
512,Karl,2004,September 16 – 24,Category 4 hurricane,145 (230),938,Minimal,None
513,Lisa,2004,September 19 – October 3,Category 1 hurricane,75 (120),987,None,None
514,Matthew,2004,October 8 – 10,Tropical storm,45 (75),997,"$305,000",None
515,Nicole,2004,October 10 – 11,Subtropical storm,50 (85),986,None,None
516,Otto,2004,November 29 – December 3,Tropical storm,50 (85),995,None,None
517,Arlene,2005,June 8–13,Tropical storm,70 (110),989,$11.8 million,1
518,Bret,2005,June 28–30,Tropical storm,40 (65),1002,$9.2 million,2
519,Cindy,2005,July 3–7,Category 1 hurricane,75 (120),991,$320 million,3
520,Dennis,2005,July 4–13,Category 4 hurricane,150 (240),930,$4.026 billion,88
521,Emily,2005,July 11–21,Category 5 hurricane,160 (260),929,$1.001 billion,17
522,Franklin,2005,July 21–29,Tropical storm,70 (110),997,None,None
523,Gert,2005,July 23–25,Tropical storm,45 (75),1005,$6 million,1
524,Harvey,2005,August 2–8,Tropical storm,65 (100),994,None,None
525,Irene,2005,August 4–18,Category 2 hurricane,105 (165),970,None,1
526,Ten,2005,August 13–14,Tropical depression,35 (55),1008,None,None
527,Jose,2005,August 22–23,Tropical storm,60 (95),998,$45 million,16
528,Katrina,2005,August 23–30,Category 5 hurricane,175 (280),902,$125 billion,"1,836"
529,Lee,2005,August 28 – September 2,Tropical storm,40 (65),1006,None,None
530,Maria,2005,September 1–10,Category 3 hurricane,115 (185),962,$3.1 million,3
531,Nate,2005,September 5–10,Category 1 hurricane,90 (150),979,None,1
532,Ophelia,2005,September 6–17,Category 1 hurricane,85 (140),976,$70 million,3
533,Philippe,2005,September 17–23,Category 1 hurricane,80 (130),985,Minimal,None
534,Rita,2005,September 18–26,Category 5 hurricane,180 (285),895,$18.5 billion,120
535,Nineteen,2005,September 30 – October 2,Tropical depression,35 (55),1006,None,None
536,Stan,2005,October 1–5,Category 1 hurricane,80 (130),977,$2.708 billion[nb 4],"1,669"
537,Unnamed,2005,October 4–5,Subtropical storm,50 (85),997,None,None
538,Tammy,2005,October 5–6,Tropical storm,50 (85),1001,Minor,10
539,Twenty-Two,2005,October 8–10,Subtropical depression,35 (55),1008,Minimal,[nb 5]
540,Vince,2005,October 8–11,Category 1 hurricane,75 (120),988,Minimal,None
541,Wilma,2005,October 15–26,Category 5 hurricane,185 (295),882,$20.2 billion,48
542,Alpha,2005,October 22–24,Tropical storm,50 (85),998,Unknown,26
543,Beta,2005,October 26–31,Category 3 hurricane,115 (185),962,$15.5 million,9
544,Gamma,2005,November 14–21,Tropical storm,50 (85),1002,$18 million,39
545,Delta,2005,November 22–28,Tropical storm,70 (110),980,$364 million,19
546,Epsilon,2005,November 29 – December 8,Category 1 hurricane,85 (140),981,None,None
547,Zeta,2005,December 30 – January 6,Tropical storm,65 (100),994,None,None
548,Alberto,2006,June 10–14,Tropical storm,70 (110),995,$420 thousand,2
549,Unnamed,2006,July 17–18,Tropical storm,50 (85),998,None,None
550,Beryl,2006,July 18–21,Tropical storm,60 (95),1000,Minimal,None
551,Chris,2006,August 1–4,Tropical storm,65 (100),1001,Minimal,None
552,Debby,2006,August 21–26,Tropical storm,50 (85),999,None,None
553,Ernesto,2006,August 24 – September 1,Category 1 hurricane,75 (120),985,$500 million,7 (4)
554,Florence,2006,September 3–12,Category 1 hurricane,90 (150),974,$200 thousand,None
555,Gordon,2006,September 10–20,Category 3 hurricane,120 (195),955,$3.8 million,None
556,Helene,2006,September 12–24,Category 3 hurricane,120 (195),955,None,None
557,Isaac,2006,September 27 – October 2,Category 1 hurricane,85 (140),985,Minimal,None
558,Andrea,2007,May 9–11,Subtropical storm,60 (95),1000,Unknown,0 (6)
559,Barry,2007,June 1–5,Tropical storm,60 (95),997,$118 thousand,1 (2)
560,Chantal,2007,July 31 – August 1,Tropical storm,50 (85),994,$24.3 million,None
561,Dean,2007,August 13–23,Category 5 hurricane,175 (280),905,$1.66 billion,40 (5)
562,Erin,2007,August 15 – 17,Tropical storm,40 (65),1003,$248.3 million,21
563,Felix,2007,August 31 – September 5,Category 5 hurricane,175 (280),929,$720 million,130 (3)
564,Gabrielle,2007,September 8 – 11,Tropical storm,60 (95),1004,$5 thousand,0 (1)
565,Ingrid,2007,September 12 – 17,Tropical storm,45 (75),1002,None,None
566,Humberto,2007,September 12 – 14,Category 1 hurricane,90 (150),985,$50 million,(1)
567,Ten,2007,September 21 – 22,Tropical depression,35 (55),1005,$6.2 million,None
568,Jerry,2007,September 23 – 24,Tropical storm,40 (65),1003,None,None
569,Karen,2007,September 25 – 29,Category 1 hurricane,75 (120),988,None,None
570,Lorenzo,2007,September 25 – 28,Category 1 hurricane,80 (130),990,$92 million,6
571,Melissa,2007,September 28 – 30,Tropical storm,40 (65),1005,None,None
572,Fifteen,2007,October 11 – 12,Tropical depression,35 (55),1011,None,None
573,Noel,2007,October 28 – November 2,Category 1 hurricane,80 (140),980,$580 million,222
574,Olga,2007,December 11 – 13,Tropical storm,60 (95),1003,$45 million,40
575,Arthur,2008,May 31 – June 2,Tropical storm,45 (75),1004,$78 million,5
576,Bertha,2008,July 3–20,Category 3 hurricane,125 (205),952,Minimal,3
577,Cristobal,2008,July 19–23,Tropical storm,65 (100),998,"$10,000",None
578,Dolly,2008,July 20–25,Category 2 hurricane,100 (155),963,$1.6 billion,26
579,Edouard,2008,August 3–6,Tropical storm,65 (100),996,"$800,000",6
580,Fay,2008,August 15–27,Tropical storm,70 (110),986,$560 million,33
581,Gustav,2008,August 25 – September 4,Category 4 hurricane,155 (250),941,$8.31 billion,161
582,Hanna,2008,August 28 – September 7,Category 1 hurricane,85 (140),977,$160 million,533
583,Ike,2008,September 1–14,Category 4 hurricane,145 (230),935,$38 billion,192
584,Josephine,2008,September 2–6,Tropical storm,65 (100),994,Minimal,None
585,Kyle,2008,September 25–29,Category 1 hurricane,85 (140),984,$57.1 million,8
586,Laura,2008,September 29 – October 1,Tropical storm,60 (95),994,Minimal,None
587,Marco,2008,October 6–7,Tropical storm,65 (100),998,Minimal,None
588,Nana,2008,October 12–14,Tropical storm,40 (65),1004,None,None
589,Omar,2008,October 13–18,Category 4 hurricane,130 (215),958,$44.6 million,1
590,Sixteen,2008,October 14–15,Tropical depression,30 (45),1004,≥ $150 million,9
591,Paloma,2008,November 5–10,Category 4 hurricane,145 (230),944,$454.5 million,1
592,One,2009,May 28–29,Tropical depression,35 (55),1006,None,None
593,Ana,2009,August 11–16,Tropical storm,40 (65),1003,Minimal,None
594,Bill,2009,August 15–24,Category 4 hurricane,130 (215),943,$46.2 million,2
595,Claudette,2009,August 16–18,Tropical storm,60 (95),1005,"$350,000",2
596,Danny,2009,August 26–29,Tropical storm,60 (95),1006,Minimal,1
597,Erika,2009,September 1–3,Tropical storm,50 (85),1004,"$35,000",None
598,Fred,2009,September 7–12,Category 3 hurricane,120 (195),958,None,None
599,Eight,2009,September 25–26,Tropical depression,35 (55),1008,None,None
600,Grace,2009,October 4–6,Tropical storm,65 (100),986,Minimal,None
601,Henri,2009,October 6–8,Tropical storm,50 (85),1005,None,None
602,Ida,2009,November 4–10,Category 2 hurricane,105 (165),975,$11.4 million,4
603,Alex,2010,June 25 – July 2,Category 2 hurricane,110 (175),946,$1.52 billion,33 (19)
604,Two,2010,July 8–9,Tropical depression,35 (55),1005,Minimal,None
605,Bonnie,2010,July 22–24,Tropical storm,45 (75),1005,$1.36 million,1
606,Colin,2010,August 2–8,Tropical storm,60 (95),1005,Minimal,1
607,Five,2010,August 10–11,Tropical depression,35 (55),1007,$1 million,0 (2)
608,Danielle,2010,August 21–30,Category 4 hurricane,130 (215),942,Minimal,2
609,Earl,2010,August 25 – September 4,Category 4 hurricane,145 (230),927,$45 million,5 (3)
610,Fiona,2010,August 30 – September 3,Tropical storm,65 (100),998,Minimal,None
611,Gaston,2010,September 1–2,Tropical storm,40 (65),1005,None,None
612,Hermine,2010,September 5–9,Tropical storm,70 (110),989,$740 million,52 (50)
613,Igor,2010,September 8–21,Category 4 hurricane,155 (250),924,$200.5 million,4
614,Julia,2010,September 12–20,Category 4 hurricane,140 (220),948,Minimal,None
615,Karl,2010,September 14–18,Category 3 hurricane,125 (205),956,$3.9 billion,22
616,Lisa,2010,September 20–26,Category 1 hurricane,85 (140),982,None,None
617,Matthew,2010,September 23–26,Tropical storm,60 (95),998,$171.2 million,126
618,Nicole,2010,September 28–29,Tropical storm,45 (75),995,$245.4 million,16
619,Otto,2010,October 6 -10,Category 1 hurricane,85 (140),976,$22.5 million,None
620,Paula,2010,October 11–15,Category 2 hurricane,105 (165),981,Unknown,1
621,Richard,2010,October 20–26,Category 2 hurricane,100 (155),977,$80 million,1 (1)
622,Shary,2010,October 28–30,Category 1 hurricane,75 (120),989,Minimal,None
623,Tomas,2010,October 29 – November 7,Category 2 hurricane,100 (155),982,$463.4 million,51
624,Arlene,2011,June 28 – July 1,Tropical storm,65 (100),993,$223.4 million,18 (4)
625,Bret,2011,July 17–22,Tropical storm,70 (110),995,None,0
626,Cindy,2011,July 20–22,Tropical storm,70 (110),994,None,0
627,Don,2011,July 27–30,Tropical storm,50 (85),997,None,0
628,Emily,2011,August 2–7,Tropical storm,50 (85),1003,$5 million,4 (1)
629,Franklin,2011,August 12–13,Tropical storm,45 (75),1004,None,0
630,Gert,2011,August 13–16,Tropical storm,65 (100),1000,None,0
631,Harvey,2011,August 19–22,Tropical storm,65 (100),994,Minimal,5
632,Irene,2011,August 21–28,Category 3 hurricane,120 (195),942,$14.2 billion,49 (9)
633,Ten,2011,August 25–26,Tropical depression,35 (55),1006,None,0
634,Jose,2011,August 27–29,Tropical storm,45 (75),1006,None,0
635,Katia,2011,August 29 – September 10,Category 4 hurricane,140 (220),942,$157 million,3 (1)
636,Unnamed,2011,September 1 – 3,Tropical storm,45 (75),1002,None,0
637,Lee,2011,September 2–5,Tropical storm,60 (95),986,$2.8 billion,18
638,Maria,2011,September 6–16,Category 1 hurricane,80 (130),983,$1.3 million,0
639,Nate,2011,September 7–11,Category 1 hurricane,75 (120),994,Minimal,4 (1)
640,Ophelia,2011,September 20 – October 3,Category 4 hurricane,140 (220),940,Minimal,0
641,Philippe,2011,September 24 – October 8,Category 1 hurricane,90 (150),976,None,0
642,Rina,2011,October 23–28,Category 3 hurricane,115 (185),966,$2.3 million,0
643,Sean,2011,November 8–11,Tropical storm,65 (100),982,Minimal,(1)
644,Alberto,2012,May 19–22,Tropical storm,60 (95),995,Minimal,None
645,Beryl,2012,May 26–30,Tropical storm,70 (110),992,$148 thousand,1 (2)
646,Chris,2012,June 18–22,Category 1 hurricane,85 (140),974,None,None
647,Debby,2012,June 23–27,Tropical storm,65 (100),990,≥ $250 million,7 (3)
648,Ernesto,2012,August 1–10,Category 2 hurricane,100 (155),973,$252.2 million,7 (5)
649,Florence,2012,August 3–6,Tropical storm,60 (95),1002,None,None
650,Helene,2012,August 9–18,Tropical storm,45 (75),1004,> $17 million,2
651,Gordon,2012,August 15–20,Category 2 hurricane,110 (175),965,None,None
652,Isaac,2012,August 21 – September 1,Category 1 hurricane,80 (130),965,$3.11 billion,34 (7)
653,Joyce,2012,August 22–24,Tropical storm,40 (65),1006,None,None
654,Kirk,2012,August 28 – September 2,Category 2 hurricane,105 (165),970,None,None
655,Leslie,2012,August 30 – September 11,Category 1 hurricane,80 (130),968,$10.1 million,None
656,Michael,2012,September 3–11,Category 3 hurricane,115 (185),964,None,None
657,Nadine,2012,September 10 – October 4,Category 1 hurricane,90 (150),978,Minimal,None
658,Oscar,2012,October 3–5,Tropical storm,50 (85),994,None,None
659,Patty,2012,October 11–13,Tropical storm,45 (75),1005,None,None
660,Rafael,2012,October 12–17,Category 1 hurricane,90 (150),969,≤ $2 million,1
661,Sandy,2012,October 22–29,Category 3 hurricane,115 (185),940,$68.7 billion,148 (138)
662,Tony,2012,October 22–25,Tropical storm,50 (85),1000,None,None
663,Andrea,2013,June 5–7,Tropical storm,65 (100),992,"$86,000",4
664,Barry,2013,June 17–20,Tropical storm,45 (75),1003,Minimal,5
665,Chantal,2013,July 7–10,Tropical storm,65 (100),1003,$10 million,1
666,Dorian,2013,July 23 – August 3,Tropical storm,60 (95),1002,None,None
667,Erin,2013,August 15–18,Tropical storm,45 (75),1006,Minimal,None
668,Fernand,2013,August 25–26,Tropical storm,60 (95),1001,>$1 million,14
669,Gabrielle,2013,September 4–13,Tropical storm,65 (100),1003,Minimal,None
670,Eight,2013,September 6–7,Tropical depression,35 (55),1008,None,None
671,Humberto,2013,September 8–19,Category 1 hurricane,90 (150),979,Minimal,None
672,Ingrid,2013,September 12–17,Category 1 hurricane,85 (140),983,$1.5 billion,32
673,Jerry,2013,September 29 – October 3,Tropical storm,50 (85),1005,None,None
674,Karen,2013,October 3–6,Tropical storm,65 (100),998,"$18,000",None
675,Lorenzo,2013,October 21–24,Tropical storm,50 (85),1000,None,None
676,Melissa,2013,November 18–21,Tropical storm,65 (100),980,None,None
677,Unnamed,2013,December 5–7,Subtropical storm,50 (85),997,None,None
678,Arthur,2014,July 1–5,Category 2 hurricane,100 (155),973,≥ $39.5 million,0 (2)
679,Two,2014,July 21–23,Tropical depression,35 (55),1012,None,None
680,Bertha,2014,August 1–16,Category 1 hurricane,80 (130),998,Minimal,3 (1)
681,Cristobal,2014,August 23–29,Category 1 hurricane,85 (140),965,Unknown,7
682,Dolly,2014,September 1–3,Tropical storm,50 (85),1000,$22.2 million,0 (1)
683,Edouard,2014,September 11–19,Category 3 hurricane,120 (195),955,Minor,2
684,Fay,2014,October 10–13,Category 1 hurricane,80 (130),983,≥ $3.8 million,None
685,Gonzalo,2014,October 12–19,Category 4 hurricane,145 (230),940,≥ $317 million,5 (1)
686,Hanna,2014,October 22–28,Tropical storm,40 (65),1000,Unknown,None
687,Ana,2015,May 8–11,Tropical storm,60 (95),998,Minimal,1 (1)
688,Bill,2015,June 16–18,Tropical storm,60 (95),997,$100 million,8 (1)
689,Claudette,2015,July 13–14,Tropical storm,50 (85),1003,None,None
690,Danny,2015,August 18–24,Category 3 hurricane,125 (205),960,Minimal,None
691,Erika,2015,August 25–29,Tropical storm,50 (85),1001,$511.4 million,31 (4)
692,Fred,2015,August 30 – September 6,Category 1 hurricane,85 (140),986,$2.5 million,9
693,Grace,2015,September 5–9,Tropical storm,60 (95),1000,None,None
694,Henri,2015,September 8–11,Tropical storm,50 (85),1003,None,None
695,Nine,2015,September 16–19,Tropical depression,35 (55),1006,None,None
696,Ida,2015,September 18–27,Tropical storm,50 (85),1001,None,None
697,Joaquin,2015,September 28 – October 8,Category 4 hurricane,155 (250),931,$200 million,34
698,Kate,2015,November 8–11,Category 1 hurricane,85 (140),980,Minimal,None
699,Alex,2016,January 12–15,Category 1 hurricane,85 (140),981,Minimal,(1)
700,Bonnie,2016,May 27 – June 4,Tropical storm,45 (75),1006,"$640,000",2
701,Colin,2016,June 5–7,Tropical storm,50 (85),1001,$1.04 million,6
702,Danielle,2016,June 19–21,Tropical storm,45 (75),1007,Minimal,1
703,Earl,2016,August 2–6,Category 1 hurricane,85 (140),979,$250 million,94
704,Fiona,2016,August 16–23,Tropical storm,50 (85),1004,None,None
705,Gaston,2016,August 22 – September 2,Category 3 hurricane,120 (195),955,None,None
706,Eight,2016,August 28 – September 1,Tropical depression,35 (55),1010,None,None
707,Hermine,2016,August 28 – September 3,Category 1 hurricane,80 (130),981,$550 million,4 (1)
708,Ian,2016,September 12–16,Tropical storm,60 (95),994,None,None
709,Julia,2016,September 13–18,Tropical storm,50 (85),1007,$6.13 million,None
710,Karl,2016,September 14–25,Tropical storm,70 (110),988,Minimal,None
711,Lisa,2016,September 19–25,Tropical storm,50 (85),999,None,None
712,Matthew,2016,September 28 – October 9,Category 5 hurricane,165 (270),934,$16.47 billion,586 (17)
713,Nicole,2016,October 4–18,Category 4 hurricane,140 (220),950,$15 million,1
714,Otto,2016,November 20–25,Category 3 hurricane,115 (185),975,≥ $192.2 million,23
715,Arlene,2017,April 19–21,Tropical storm,50 (85),990,None,None
716,Bret,2017,June 19–20,Tropical storm,50 (85),1007,≥ $2.96 million,1 (1)
717,Cindy,2017,June 20–23,Tropical storm,60 (95),991,$25 million,1 (2)
718,Four,2017,July 5–7,Tropical depression,30 (45),1009,None,None
719,Don,2017,July 17–18,Tropical storm,50 (85),1005,None,None
720,Emily,2017,July 30 – August 1,Tropical storm,60 (95),1001,$10 million,None
721,Franklin,2017,August 7–10,Category 1 hurricane,85 (140),981,$15 million,None
722,Gert,2017,August 12–17,Category 2 hurricane,110 (175),962,None,0 (2)
723,Harvey,2017,August 17 – September 1,Category 4 hurricane,130 (215),937,$125 billion,68 (39)
724,Irma,2017,August 30 – September 12,Category 5 hurricane,180 (285),914,$77.16 billion,52 (82)
725,Jose,2017,September 5–22,Category 4 hurricane,155 (250),938,$2.84 million,0 (1)
726,Katia,2017,September 5–9,Category 2 hurricane,105 (165),972,$3.26 million,3 (0)
727,Lee,2017,September 15–30,Category 3 hurricane,115 (185),962,None,None
728,Maria,2017,September 16–30,Category 5 hurricane,175 (280),908,$91.61 billion,"3,059"
729,Nate,2017,October 4–8,Category 1 hurricane,90 (150),981,$787 million,46 (2)
730,Ophelia,2017,October 9–15,Category 3 hurricane,115 (185),959,> $87.7 million,2 (3)
731,Philippe,2017,October 28–29,Tropical storm,40 (65),1000,$100 million,5
732,Rina,2017,November 5–9,Tropical storm,60 (95),991,None,None
733,Alberto,2018,May 25 – 31,Tropical storm,65 (100),990,$125 million,18
734,Beryl,2018,July 4 – 15,Category 1 hurricane,80 (130),991,>$1 million,None
735,Chris,2018,July 6 – 12,Category 2 hurricane,105 (165),969,Minimal,1
736,Debby,2018,August 7 – 9,Tropical storm,50 (85),998,None,None
737,Ernesto,2018,August 15 – 17,Tropical storm,45 (75),1003,None,None
738,Florence,2018,August 31 – September 17,Category 4 hurricane,150 (240),937,$24.2 billion,24 (30)
739,Gordon,2018,September 3 – 6,Tropical storm,70 (110),996,$200 million,3 (1)
740,Helene,2018,September 7 – 16,Category 2 hurricane,110 (175),967,Unknown,3
741,Isaac,2018,September 7 – 15,Category 1 hurricane,75 (120),995,Minimal,None
742,Joyce,2018,September 12 – 18,Tropical storm,50 (85),995,None,None
743,Eleven,2018,September 21 – 22,Tropical depression,35 (55),1007,None,None
744,Kirk,2018,September 22 – 28,Tropical storm,65 (100),998,"$444,000",2
745,Leslie,2018,September 23 – October 13,Category 1 hurricane,90 (150),968,>$500 million,2 (14)
746,Michael,2018,October 7 – 11,Category 5 hurricane,160 (260),919,$25.5 billion,31 (43)
747,Nadine,2018,October 9 – 12,Tropical storm,65 (100),995,None,None
748,Oscar,2018,October 26 – 31,Category 2 hurricane,110 (175),966,None,None
749,Andrea,2019,May 20 – 21,Subtropical storm,40 (65),1006,None,None
750,Barry,2019,July 11 – 15,Category 1 hurricane,75 (120),993,$600 million,1 (1)
751,Three,2019,July 22 – 23,Tropical depression,35 (55),1013,None,None
752,Chantal,2019,August 20 – 23,Tropical storm,40 (65),1007,None,None
753,Dorian,2019,August 24 – September 7,Category 5 hurricane,185 (295),910,>$5.07 billion,77 (7)
754,Erin,2019,August 26 – 29,Tropical storm,40 (65),1002,Minimal,None
755,Fernand,2019,September 3 – 5,Tropical storm,50 (85),1000,$11.3 million,1
756,Gabrielle,2019,September 3 – 10,Tropical storm,65 (100),995,None,None
757,Humberto,2019,September 13 – 19,Category 3 hurricane,125 (205),950,>$25 million,2
758,Jerry,2019,September 17 – 24,Category 2 hurricane,105 (165),976,None,None
759,Imelda,2019,September 17 – 19,Tropical storm,45 (75),1003,$5 billion,6 (1)
760,Karen,2019,September 22 – 27,Tropical storm,45 (75),1003,$3.5 million,None
761,Lorenzo,2019,September 23 – October 2,Category 5 hurricane,160 (260),925,$362 million,20
762,Melissa,2019,October 11 – 14,Tropical storm,65 (100),994[nb 3],Minimal,None
763,Fifteen,2019,October 14 – 16,Tropical depression,35 (55),1006,None,None
764,Nestor,2019,October 18 – 19,Tropical storm,60 (95),996,$125 million,0 (3)
765,Olga,2019,October 24-25,Tropical storm,45 (75),998,$400 million,0 (2)
766,Pablo,2019,October 25 – 28,Category 1 hurricane,80 (130),977,None,None
767,Rebekah,2019,October 30 – November 1,Subtropical storm,50 (85),982,None,None
768,Sebastien,2019,November 19 – 24,Tropical storm,70 (110),991,None,None
769,Arthur,2020,May 16–19,Tropical storm,60 (95),990,"$112,000",None
770,Bertha,2020,May 27–28,Tropical storm,50 (85),1005,"> $130,000",None
771,Cristobal,2020,June 1–9,Tropical storm,60 (95),988,≥ $665 million,6
772,Dolly,2020,June 22–24,Tropical storm,45 (75),1000,None,None
773,Edouard,2020,July 4–6,Tropical storm,45 (75),1005,Minimal,None
774,Fay,2020,July 9–11,Tropical storm,60 (95),998,≥ $350 million,2 (4)
775,Gonzalo,2020,July 21–25,Tropical storm,65 (100),997,Minimal,None
776,Hanna,2020,July 23–26,Category 1 hurricane,90 (150),973,$1.2 billion,4 (5)
777,Isaias,2020,July 30 – August 4,Category 1 hurricane,90 (150),986,$4.8 billion,12 (5)
778,Ten,2020,July 31 – August 1,Tropical depression,35 (55),1008,None,None
779,Josephine,2020,August 11–16,Tropical storm,45 (75),1004,None,None
780,Kyle,2020,August 14–15,Tropical storm,50 (85),1000,None,None
781,Laura,2020,August 20–29,Category 4 hurricane,150 (240),937,$19.1 billion,47 (34)
782,Marco,2020,August 21–25,Category 1 hurricane,75 (120),991,≥ $35 million,None
783,Omar,2020,August 31 – September 5,Tropical storm,40 (65),1003,None,None
784,Nana,2020,September 1–3,Category 1 hurricane,75 (120),994,≥ $20 million,None
785,Paulette,2020,September 7–22,Category 2 hurricane,105 (165),965,> $50 million,2
786,Rene,2020,September 7–14,Tropical storm,45 (75),1001,Minimal,None
787,Sally,2020,September 11–17,Category 2 hurricane,110 (175),965,$7.3 billion,4 (5)
788,Teddy,2020,September 12–23,Category 4 hurricane,140 (220),945,> $35 million,3
789,Vicky,2020,September 14–17,Tropical storm,50 (85),1001,Minimal,(1)
790,Alpha,2020,September 17–19,Subtropical storm,50 (85),996,> $24.2 million,(1)
791,Beta,2020,September 17–22,Tropical storm,65 (100),993,$225 million,1
792,Wilfred,2020,September 17–21,Tropical storm,40 (65),1006,None,None
793,Gamma,2020,October 2–6,Category 1 hurricane,75 (120),978,> $100 million,6
794,Delta,2020,October 4–10,Category 4 hurricane,140 (220),953,$3.09 billion,2 (4)
795,Epsilon,2020,October 19–26,Category 3 hurricane,115 (185),952,Minimal,1
796,Zeta,2020,October 24–29,Category 3 hurricane,115 (185),970,~$4.42 billion,7 (2)
797,Eta,2020,October 31 – November 13,Category 4 hurricane,150 (240),922,$8.3 billion,≥ 172 (3)
798,Theta,2020,November 10–15,Tropical storm,70 (110),987,None,None
799,Iota,2020,November 13–18,Category 4 hurricane,155 (250),917,$1.4 billion,≥67 (17)
